,YEAR,MONTH,NO_ACT_DATE,CURRENCY_2,TERM_,EOP_LM,UMASS_MIN,UMASS_MAX,UMASS_VPB,RANKING_UMASS_VPB,INTERBANK_SHORT,INTERBANK_LONG,DISCOUNTRATE,REFINANCINGRATE,CIE_VOL,ADB_VOL,EOP_LM_FUNC,CIE_Rate
0,2018,11,30,1,1,490.9384,,,,,,,,,0.0,0.0,,0.0
1,2018,11,30,1,5,1689.114219,,,,,,,,,0.0,0.0,,0.0
2,2018,11,30,1,2,12.113397,,,,,,,,,0.0,0.0,,0.0
3,2018,11,30,1,3,356.655184,,,,,,,,,0.0,0.0,,0.0
4,2018,11,30,1,6,168.746705,,,,,,,,,0.0,0.0,,0.0
5,2018,11,30,1,0,324.878877,,,,,,,,,0.0,0.0,,0.0
6,2018,11,30,0,1,11173.98968,,,,,,,,,0.0,0.0,,0.0
7,2018,11,30,0,4,116.351111,,,,,,,,,0.0,0.0,,0.0
8,2018,11,30,0,5,38996.56918,,,,,,,,,0.0,0.0,,0.0
9,2018,11,30,0,2,185.828484,,,,,,,,,0.0,0.0,,0.0
10,2018,11,30,0,3,28853.18183,,,,,,,,,0.0,0.0,,0.0
11,2018,11,30,0,6,3882.959036,,,,,,,,,0.0,0.0,,0.0
12,2018,11,30,0,0,15037.1514,,,,,,,,,0.0,0.0,,0.0
13,2018,12,31,1,1,453.144758,,,,,,,,,0.0,0.0,580.524115,0.0
14,2018,12,31,1,5,1688.687063,,,,,,,,,0.0,0.0,1835.988319,0.0
15,2018,12,31,1,2,13.556503,,,,,,,,,0.0,0.0,14.197247,0.0
16,2018,12,31,1,3,362.350202,,,,,,,,,0.0,0.0,374.647483,0.0
17,2018,12,31,1,6,199.764129,,,,,,,,,0.0,0.0,200.41107,0.0
18,2018,12,31,1,0,288.583102,,,,,,,,,0.0,0.0,0.317524,0.0
19,2018,12,31,0,1,10935.88596,,,,,,,,,0.0,0.0,19136.6003,0.0
20,2018,12,31,0,4,87.769638,,,,,,,,,0.0,0.0,121.702542,0.0
21,2018,12,31,0,5,37715.08321,,,,,,,,,0.0,0.0,41393.8919,0.0
22,2018,12,31,0,2,152.545941,,,,,,,,,0.0,0.0,205.921888,0.0
23,2018,12,31,0,3,29786.2997,,,,,,,,,0.0,0.0,34347.52213,0.0
24,2018,12,31,0,6,3793.623277,,,,,,,,,0.0,0.0,3892.125851,0.0
25,2018,12,31,0,0,16914.76508,,,,,,,,,0.0,0.0,288.208192,0.0
26,2019,1,31,1,1,419.200576,,,,,,,,,0.0,0.0,560.462764,0.0
27,2019,1,31,1,5,1552.040789,,,,,,,,,0.0,0.0,1836.294469,0.0
28,2019,1,31,1,2,12.702054,,,,,,,,,0.0,0.0,13.831635,0.0
29,2019,1,31,1,3,340.456786,,,,,,,,,0.0,0.0,369.973417,0.0
30,2019,1,31,1,6,191.106607,,,,,,,,,0.0,0.0,204.27327,0.0
31,2019,1,31,1,0,469.644904,,,,,,,,,0.0,0.0,0.316163,0.0
32,2019,1,31,0,1,8859.046402,,,,,,,,,0.0,0.0,18437.39733,0.0
33,2019,1,31,0,4,53.060969,,,,,,,,,0.0,0.0,94.795966,0.0
34,2019,1,31,0,5,41679.1721,,,,,,,,,0.0,0.0,45861.23587,0.0
35,2019,1,31,0,2,102.267091,,,,,,,,,0.0,0.0,167.090809,0.0
36,2019,1,31,0,3,28644.06786,,,,,,,,,0.0,0.0,35244.39587,0.0
37,2019,1,31,0,6,3954.377518,,,,,,,,,0.0,0.0,4028.41427,0.0
38,2019,1,31,0,0,20860.07205,,,,,,,,,0.0,0.0,318.733869,0.0
39,2019,2,28,1,1,494.763556,,,,,,,,,0.0,0.0,544.643864,0.0
40,2019,2,28,1,5,1638.854793,,,,,,,,,0.0,0.0,1700.24573,0.0
41,2019,2,28,1,2,12.539108,,,,,,,,,0.0,0.0,13.214243,0.0
42,2019,2,28,1,3,328.738546,,,,,,,,,0.0,0.0,387.673687,0.0
43,2019,2,28,1,6,188.315134,,,,,,,,,0.0,0.0,194.433773,0.0
44,2019,2,28,1,0,186.898199,,,,,,,,,0.0,0.0,9.89804,0.0
45,2019,2,28,0,1,12320.72299,,,,,,,,,0.0,0.0,17293.21992,0.0
46,2019,2,28,0,4,75.850461,,,,,,,,,0.0,0.0,85.054615,0.0
47,2019,2,28,0,5,47219.45372,,,,,,,,,0.0,0.0,50752.52116,0.0
48,2019,2,28,0,2,93.362205,,,,,,,,,0.0,0.0,126.325789,0.0
49,2019,2,28,0,3,31289.76272,,,,,,,,,0.0,0.0,35497.06133,0.0
50,2019,2,28,0,6,3914.616732,,,,,,,,,0.0,0.0,4119.679385,0.0
51,2019,2,28,0,0,14350.49231,,,,,,,,,0.0,0.0,1390.398941,0.0
52,2019,3,31,1,1,431.990002,,,,,,,,,0.0,0.0,566.737354,0.0
53,2019,3,31,1,5,1563.588152,,,,,,,,,0.0,0.0,1710.829842,0.0
54,2019,3,31,1,2,73.426913,,,,,,,,,0.0,0.0,12.497892,0.0
55,2019,3,31,1,3,288.590565,,,,,,,,,0.0,0.0,335.90699,0.0
56,2019,3,31,1,6,188.47093,,,,,,,,,0.0,0.0,190.70277,0.0
57,2019,3,31,1,0,270.840353,,,,,,,,,0.0,0.0,0.232069,0.0
58,2019,3,31,0,1,10773.62536,,,,,,,,,0.0,0.0,19770.29314,0.0
59,2019,3,31,0,4,128.079291,,,,,,,,,0.0,0.0,134.612505,0.0
60,2019,3,31,0,5,49230.4964,,,,,,,,,0.0,0.0,52356.14652,0.0
61,2019,3,31,0,2,91.717773,,,,,,,,,0.0,0.0,118.945218,0.0
62,2019,3,31,0,3,32607.39819,,,,,,,,,0.0,0.0,36007.57454,0.0
63,2019,3,31,0,6,4069.25277,,,,,,,,,0.0,0.0,4182.736504,0.0
64,2019,3,31,0,0,15978.01623,,,,,,,,,0.0,0.0,308.277575,0.0
65,2019,4,30,1,1,417.050576,,,,,,,,,0.0,0.0,515.146383,0.0
66,2019,4,30,1,5,1496.835943,,,,,,,,,0.0,0.0,1668.125028,0.0
67,2019,4,30,1,2,71.484169,,,,,,,,,0.0,0.0,73.353084,0.0
68,2019,4,30,1,3,261.215087,,,,,,,,,0.0,0.0,299.770422,0.0
69,2019,4,30,1,6,204.363793,,,,,,,,,0.0,0.0,211.439793,0.0
70,2019,4,30,1,0,317.117211,,,,,,,,,0.0,0.0,0.232069,0.0
71,2019,4,30,0,1,12262.70744,,,,,,,,,0.0,0.0,20185.86498,0.0
72,2019,4,30,0,4,164.354688,,,,,,,,,0.0,0.0,169.444319,0.0
73,2019,4,30,0,5,51385.20806,,,,,,,,,0.0,0.0,54183.19059,0.0
74,2019,4,30,0,2,94.440004,,,,,,,,,0.0,0.0,115.874443,0.0
75,2019,4,30,0,3,35185.07888,,,,,,,,,0.0,0.0,37748.07782,0.0
76,2019,4,30,0,6,4147.556724,,,,,,,,,0.0,0.0,4195.766052,0.0
77,2019,4,30,0,0,13763.60395,,,,,,,,,0.0,0.0,404.731543,0.0
78,2019,5,31,1,1,376.878064,,,,,,,,,0.0,0.0,478.44821,0.0
79,2019,5,31,1,5,1544.629437,,,,,,,,,0.0,0.0,1607.492866,0.0
80,2019,5,31,1,2,71.169193,,,,,,,,,0.0,0.0,71.72598,0.0
81,2019,5,31,1,3,248.026336,,,,,,,,,0.0,0.0,274.74604,0.0
82,2019,5,31,1,6,185.651085,,,,,,,,,0.0,0.0,205.14789,0.0
83,2019,5,31,1,0,211.43984,,,,,,,,,0.0,0.0,0.232969,0.0
84,2019,5,31,0,1,10264.91059,,,,,,,,,0.0,0.0,19962.40131,0.0
85,2019,5,31,0,4,167.042542,,,,,,,,,0.0,0.0,174.849108,0.0
86,2019,5,31,0,5,51477.94909,,,,,,,,,0.0,0.0,54539.62846,0.0
87,2019,5,31,0,2,97.9495,,,,,,,,,0.0,0.0,119.756791,0.0
88,2019,5,31,0,3,35502.70358,,,,,,,,,0.0,0.0,40960.44163,0.0
89,2019,5,31,0,6,4155.49148,,,,,,,,,0.0,0.0,4194.331891,0.0
90,2019,5,31,0,0,18712.36459,,,,,,,,,0.0,0.0,427.002196,0.0
91,2019,6,30,1,1,371.153271,,,,,,,,,0.0,0.0,437.783088,0.0
92,2019,6,30,1,5,1503.254635,,,,,,,,,0.0,0.0,1589.693065,0.0
93,2019,6,30,1,2,71.22791,,,,,,,,,0.0,0.0,71.399856,0.0
94,2019,6,30,1,3,243.419444,,,,,,,,,0.0,0.0,258.976777,0.0
95,2019,6,30,1,6,173.990008,,,,,,,,,0.0,0.0,188.570245,0.0
96,2019,6,30,1,0,183.377765,,,,,,,,,0.0,0.0,1e-06,0.0
97,2019,6,30,0,1,10737.01505,,,,,,,,,0.0,0.0,17989.20566,0.0
98,2019,6,30,0,4,165.094767,,,,,,,,,0.0,0.0,173.531798,0.0
99,2019,6,30,0,5,52081.81007,,,,,,,,,0.0,0.0,54701.49034,0.0
100,2019,6,30,0,2,101.451477,,,,,,,,,0.0,0.0,125.526289,0.0
101,2019,6,30,0,3,35806.72167,,,,,,,,,0.0,0.0,40697.57612,0.0
102,2019,6,30,0,6,4094.473114,,,,,,,,,0.0,0.0,4195.186888,0.0
103,2019,6,30,0,0,15228.65979,,,,,,,,,0.0,0.0,332.708829,0.0
104,2019,7,31,1,1,357.337297,,,,,,,,,0.0,0.0,415.680555,0.0
105,2019,7,31,1,5,1330.251819,,,,,,,,,0.0,0.0,1564.439497,0.0
106,2019,7,31,1,2,71.763238,,,,,,,,,0.0,0.0,71.898988,0.0
107,2019,7,31,1,3,226.463637,,,,,,,,,0.0,0.0,250.170757,0.0
108,2019,7,31,1,6,177.23289,,,,,,,,,0.0,0.0,177.575914,0.0
109,2019,7,31,1,0,316.716832,,,,,,,,,0.0,0.0,1e-06,0.0
110,2019,7,31,0,1,9513.470027,,,,,,,,,0.0,0.0,17110.78321,0.0
111,2019,7,31,0,4,168.474343,,,,,,,,,0.0,0.0,172.921377,0.0
112,2019,7,31,0,5,51648.21126,,,,,,,,,0.0,0.0,54345.79079,0.0
113,2019,7,31,0,2,85.730521,,,,,,,,,0.0,0.0,118.770603,0.0
114,2019,7,31,0,3,34280.4087,,,,,,,,,0.0,0.0,40361.88158,0.0
115,2019,7,31,0,6,4052.409012,,,,,,,,,0.0,0.0,4123.139031,0.0
116,2019,7,31,0,0,16891.36233,,,,,,,,,0.0,0.0,406.779601,0.0
117,2019,8,31,1,1,347.04313,,,,,,,,,0.0,0.0,418.712535,0.0
118,2019,8,31,1,5,1284.400189,,,,,,,,,0.0,0.0,1436.813151,0.0
119,2019,8,31,1,2,71.1587,,,,,,,,,0.0,0.0,71.410792,0.0
120,2019,8,31,1,3,226.732504,,,,,,,,,0.0,0.0,242.637762,0.0
121,2019,8,31,1,6,169.968512,,,,,,,,,0.0,0.0,182.402509,0.0
122,2019,8,31,1,0,252.813155,,,,,,,,,0.0,0.0,0.139441,0.0
123,2019,8,31,0,1,10046.69262,,,,,,,,,0.0,0.0,16639.78896,0.0
124,2019,8,31,0,4,176.953181,,,,,,,,,0.0,0.0,184.975731,0.0
125,2019,8,31,0,5,51703.333,,,,,,,,,0.0,0.0,54200.50136,0.0
126,2019,8,31,0,2,92.376626,,,,,,,,,0.0,0.0,117.936188,0.0
127,2019,8,31,0,3,35820.49617,,,,,,,,,0.0,0.0,40562.42921,0.0
128,2019,8,31,0,6,3140.84871,,,,,,,,,0.0,0.0,4194.143254,0.0
129,2019,8,31,0,0,15207.16776,,,,,,,,,0.0,0.0,288.093361,0.0
130,2019,9,30,1,1,370.69256,,,,,,,,,0.0,0.0,426.306938,0.0
131,2019,9,30,1,5,1259.738003,,,,,,,,,0.0,0.0,1361.386027,0.0
132,2019,9,30,1,2,10.530836,,,,,,,,,0.0,0.0,73.086138,0.0
133,2019,9,30,1,3,213.073385,,,,,,,,,0.0,0.0,227.616138,0.0
134,2019,9,30,1,6,160.846199,,,,,,,,,0.0,0.0,172.115225,0.0
135,2019,9,30,1,0,246.209484,,,,,,,,,0.0,0.0,0.580001,0.0
136,2019,9,30,0,1,10039.00045,,,,,,,,,0.0,0.0,16951.05576,0.0
137,2019,9,30,0,4,199.029498,,,,,,,,,0.0,0.0,202.765809,0.0
138,2019,9,30,0,5,51172.66597,,,,,,,,,0.0,0.0,53409.55804,0.0
139,2019,9,30,0,2,139.558461,,,,,,,,,0.0,0.0,169.455143,0.0
140,2019,9,30,0,3,38104.11594,,,,,,,,,0.0,0.0,42775.0928,0.0
141,2019,9,30,0,6,3121.584287,,,,,,,,,0.0,0.0,3247.789354,0.0
142,2019,9,30,0,0,14336.5134,,,,,,,,,0.0,0.0,356.751097,0.0
143,2019,10,31,1,1,365.9108,,,,,,,,,0.0,0.0,431.993243,0.0
144,2019,10,31,1,5,1237.36678,,,,,,,,,0.0,0.0,1330.937434,0.0
145,2019,10,31,1,2,10.518531,,,,,,,,,0.0,0.0,10.518531,0.0
146,2019,10,31,1,3,214.76945,,,,,,,,,0.0,0.0,226.733743,0.0
147,2019,10,31,1,6,142.681786,,,,,,,,,0.0,0.0,166.888666,0.0
148,2019,10,31,1,0,196.40659,,,,,,,,,0.0,0.0,0.582321,0.0
149,2019,10,31,0,1,9621.191423,,,,,,,,,0.0,0.0,16152.56138,0.0
150,2019,10,31,0,4,203.593768,,,,,,,,,0.0,0.0,208.822364,0.0
151,2019,10,31,0,5,50370.87219,,,,,,,,,0.0,0.0,52285.11945,0.0
152,2019,10,31,0,2,158.021563,,,,,,,,,0.0,0.0,180.127039,0.0
153,2019,10,31,0,3,41585.02831,,,,,,,,,0.0,0.0,47569.23777,0.0
154,2019,10,31,0,6,3050.247176,,,,,,,,,0.0,0.0,3204.470805,0.0
155,2019,10,31,0,0,14983.06435,,,,,,,,,0.0,0.0,371.679963,0.0
156,2019,11,30,1,1,360.424989,,,,,,,,,0.0,0.0,441.192658,0.0
157,2019,11,30,1,5,1141.868804,,,,,,,,,0.0,0.0,1289.170039,0.0
158,2019,11,30,1,2,8.480621,,,,,,,,,0.0,0.0,10.569071,0.0
159,2019,11,30,1,3,220.325451,,,,,,,,,0.0,0.0,232.884221,0.0
160,2019,11,30,1,6,160.064616,,,,,,,,,0.0,0.0,166.870643,0.0
161,2019,11,30,1,0,250.608841,,,,,,,,,0.0,0.0,1.086691,0.0
162,2019,11,30,0,1,9244.412234,,,,,,,,,0.0,0.0,15973.72983,0.0
163,2019,11,30,0,4,215.21557,,,,,,,,,0.0,0.0,229.732742,0.0
164,2019,11,30,0,5,49210.56824,,,,,,,,,0.0,0.0,51064.74572,0.0
165,2019,11,30,0,2,155.935842,,,,,,,,,0.0,0.0,177.292493,0.0
166,2019,11,30,0,3,44937.16679,,,,,,,,,0.0,0.0,50131.25909,0.0
167,2019,11,30,0,6,3112.903341,,,,,,,,,0.0,0.0,3172.947449,0.0
168,2019,11,30,0,0,14325.67494,,,,,,,,,0.0,0.0,452.169639,0.0
169,2019,12,31,1,1,326.868964,,,,,,,,,0.0,0.0,439.925067,0.0
170,2019,12,31,1,5,1079.465546,,,,,,,,,0.0,0.0,1188.594227,0.0
171,2019,12,31,1,2,9.947706,,,,,,,,,0.0,0.0,9.947706,0.0
172,2019,12,31,1,3,189.476871,,,,,,,,,0.0,0.0,220.174843,0.0
173,2019,12,31,1,6,159.421646,,,,,,,,,0.0,0.0,163.122119,0.0
174,2019,12,31,1,0,258.256593,,,,,,,,,0.0,0.0,1.673365,0.0
175,2019,12,31,0,1,8175.832445,,,,,,,,,0.0,0.0,15389.76484,0.0
176,2019,12,31,0,4,170.077852,,,,,,,,,0.0,0.0,224.947618,0.0
177,2019,12,31,0,5,48663.50532,,,,,,,,,0.0,0.0,49974.65472,0.0
178,2019,12,31,0,2,117.52557,,,,,,,,,0.0,0.0,177.909146,0.0
179,2019,12,31,0,3,47232.91504,,,,,,,,,0.0,0.0,52185.35912,0.0
180,2019,12,31,0,6,3156.132387,,,,,,,,,0.0,0.0,3184.634863,0.0
181,2019,12,31,0,0,14020.62541,,,,,,,,,0.0,0.0,399.343732,0.0
182,2020,3,31,1,1,311.280982,,,,,,,,,0.0,0.0,,0.0
183,2020,3,31,1,5,1060.801054,,,,,,,,,0.0,0.0,,0.0
184,2020,3,31,1,2,8.385991,,,,,,,,,0.0,0.0,,0.0
185,2020,3,31,1,3,204.556016,,,,,,,,,0.0,0.0,,0.0
186,2020,3,31,1,6,168.816697,,,,,,,,,0.0,0.0,,0.0
187,2020,3,31,1,0,180.360269,,,,,,,,,0.0,0.0,,0.0
188,2020,3,31,0,1,7878.639677,,,,,,,,,0.0,0.0,,0.0
189,2020,3,31,0,4,127.8575,,,,,,,,,0.0,0.0,,0.0
190,2020,3,31,0,5,33021.72911,,,,,,,,,0.0,0.0,,0.0
191,2020,3,31,0,2,78.695931,,,,,,,,,0.0,0.0,,0.0
192,2020,3,31,0,3,59460.8759,,,,,,,,,0.0,0.0,,0.0
193,2020,3,31,0,6,2599.869995,,,,,,,,,0.0,0.0,,0.0
194,2020,3,31,0,0,18609.40767,,,,,,,,,0.0,0.0,,0.0
195,2020,4,30,1,1,355.903248,,,,,,,,,0.0,0.0,382.254001,0.0
196,2020,4,30,1,5,1002.241355,,,,,,,,,0.0,0.0,1127.708773,0.0
197,2020,4,30,1,2,8.50677,,,,,,,,,0.0,0.0,8.50677,0.0
198,2020,4,30,1,3,206.709739,,,,,,,,,0.0,0.0,224.67393,0.0
199,2020,4,30,1,6,133.759442,,,,,,,,,0.0,0.0,171.393467,0.0
200,2020,4,30,1,0,208.124238,,,,,,,,,0.0,0.0,0.707851,0.0
201,2020,4,30,0,1,8863.288142,,,,,,,,,0.0,0.0,13981.81168,0.0
202,2020,4,30,0,4,177.345118,,,,,,,,,0.0,0.0,182.911429,0.0
203,2020,4,30,0,5,31755.48973,,,,,,,,,0.0,0.0,34063.1723,0.0
204,2020,4,30,0,2,80.309071,,,,,,,,,0.0,0.0,98.668635,0.0
205,2020,4,30,0,3,66203.18291,,,,,,,,,0.0,0.0,73181.22453,0.0
206,2020,4,30,0,6,2586.562033,,,,,,,,,0.0,0.0,2614.063709,0.0
207,2020,4,30,0,0,14765.61238,,,,,,,,,0.0,0.0,309.937092,0.0
208,2020,5,31,1,1,357.861653,,,,,,,,,0.0,0.0,399.389468,0.0
209,2020,5,31,1,5,1051.870849,,,,,,,,,0.0,0.0,1116.252725,0.0
210,2020,5,31,1,2,14.283044,,,,,,,,,0.0,0.0,14.283044,0.0
211,2020,5,31,1,3,223.499775,,,,,,,,,0.0,0.0,228.945187,0.0
212,2020,5,31,1,6,136.253371,,,,,,,,,0.0,0.0,157.325737,0.0
213,2020,5,31,1,0,138.17384,,,,,,,,,0.0,0.0,5.74637,0.0
214,2020,5,31,0,1,8213.586348,,,,,,,,,0.0,0.0,14255.51659,0.0
215,2020,5,31,0,4,223.887772,,,,,,,,,0.0,0.0,230.582982,0.0
216,2020,5,31,0,5,30465.36723,,,,,,,,,0.0,0.0,32561.33855,0.0
217,2020,5,31,0,2,80.87955,,,,,,,,,0.0,0.0,97.923697,0.0
218,2020,5,31,0,3,69695.03157,,,,,,,,,0.0,0.0,76699.8451,0.0
219,2020,5,31,0,6,2574.905285,,,,,,,,,0.0,0.0,2592.457764,0.0
220,2020,5,31,0,0,15518.67642,,,,,,,,,0.0,0.0,334.669487,0.0
221,2020,6,30,1,1,332.638169,,,,,,,,,0.0,0.0,403.119199,0.0
222,2020,6,30,1,5,1034.286457,,,,,,,,,0.0,0.0,1095.680297,0.0
223,2020,6,30,1,2,16.546873,,,,,,,,,0.0,0.0,16.577618,0.0
224,2020,6,30,1,3,239.357784,,,,,,,,,0.0,0.0,247.282401,0.0
225,2020,6,30,1,6,140.792222,,,,,,,,,0.0,0.0,146.158185,0.0
226,2020,6,30,1,0,150.907026,,,,,,,,,0.0,0.0,5.710831,0.0
227,2020,6,30,0,1,7317.208646,,,,,,,,,0.0,0.0,13223.78221,0.0
228,2020,6,30,0,4,210.071714,,,,,,,,,0.0,0.0,228.667505,0.0
229,2020,6,30,0,5,29445.28782,,,,,,,,,0.0,0.0,31217.59212,0.0
230,2020,6,30,0,2,73.182502,,,,,,,,,0.0,0.0,100.652853,0.0
231,2020,6,30,0,3,73331.22042,,,,,,,,,0.0,0.0,80394.87438,0.0
232,2020,6,30,0,6,2553.459065,,,,,,,,,0.0,0.0,2588.14791,0.0
233,2020,6,30,0,0,15181.37166,,,,,,,,,0.0,0.0,358.084835,0.0
234,2020,7,31,1,1,304.102797,,,,,,,,,0.0,0.0,379.738681,0.0
235,2020,7,31,1,5,943.708853,,,,,,,,,0.0,0.0,1087.280317,0.0
236,2020,7,31,1,2,10.70872,,,,,,,,,0.0,0.0,16.50997,0.0
237,2020,7,31,1,3,277.209274,,,,,,,,,0.0,0.0,287.650341,0.0
238,2020,7,31,1,6,142.509773,,,,,,,,,0.0,0.0,147.034748,0.0
239,2020,7,31,1,0,244.942831,,,,,,,,,0.0,0.0,4.968191,0.0
240,2020,7,31,0,1,6884.054839,,,,,,,,,0.0,0.0,12426.85276,0.0
241,2020,7,31,0,4,195.550335,,,,,,,,,0.0,0.0,214.094077,0.0
242,2020,7,31,0,5,27501.20746,,,,,,,,,0.0,0.0,30709.1504,0.0
243,2020,7,31,0,2,77.567372,,,,,,,,,0.0,0.0,94.700162,0.0
244,2020,7,31,0,3,71703.21469,,,,,,,,,0.0,0.0,82888.71757,0.0
245,2020,7,31,0,6,2424.113681,,,,,,,,,0.0,0.0,2569.171637,0.0
246,2020,7,31,0,0,20499.33549,,,,,,,,,0.0,0.0,382.357257,0.0
247,2020,8,31,1,1,286.684249,,,,,,,,,0.0,0.0,368.272552,0.0
248,2020,8,31,1,5,891.503646,,,,,,,,,0.0,0.0,992.795355,0.0
249,2020,8,31,1,2,8.513835,,,,,,,,,0.0,0.0,10.832085,0.0
250,2020,8,31,1,3,268.160997,,,,,,,,,0.0,0.0,291.600427,0.0
251,2020,8,31,1,6,91.16186,,,,,,,,,0.0,0.0,151.926984,0.0
252,2020,8,31,1,0,274.792075,,,,,,,,,0.0,0.0,5.38926,0.0
253,2020,8,31,0,1,7146.970395,,,,,,,,,0.0,0.0,12376.67161,0.0
254,2020,8,31,0,4,183.384527,,,,,,,,,0.0,0.0,198.700017,0.0
255,2020,8,31,0,5,25094.45031,,,,,,,,,0.0,0.0,28554.70998,0.0
256,2020,8,31,0,2,91.909097,,,,,,,,,0.0,0.0,113.750433,0.0
257,2020,8,31,0,3,68966.91191,,,,,,,,,0.0,0.0,82079.87371,0.0
258,2020,8,31,0,6,2350.756889,,,,,,,,,0.0,0.0,2427.892631,0.0
259,2020,8,31,0,0,22296.53448,,,,,,,,,0.0,0.0,379.319218,0.0
260,2020,9,30,1,1,286.288734,,,,,,,,,0.0,0.0,330.418867,0.0
261,2020,9,30,1,5,908.090006,,,,,,,,,0.0,0.0,950.488783,0.0
262,2020,9,30,1,2,4.76366,,,,,,,,,0.0,0.0,9.39966,0.0
263,2020,9,30,1,3,254.374308,,,,,,,,,0.0,0.0,301.417451,0.0
264,2020,9,30,1,6,135.325736,,,,,,,,,0.0,0.0,135.328482,0.0
265,2020,9,30,1,0,143.315036,,,,,,,,,0.0,0.0,5.104237,0.0
266,2020,9,30,0,1,7240.413024,,,,,,,,,0.0,0.0,13270.23345,0.0
267,2020,9,30,0,4,173.242195,,,,,,,,,0.0,0.0,189.16374,0.0
268,2020,9,30,0,5,22947.2804,,,,,,,,,0.0,0.0,25864.36262,0.0
269,2020,9,30,0,2,108.669451,,,,,,,,,0.0,0.0,126.609757,0.0
270,2020,9,30,0,3,67565.33668,,,,,,,,,0.0,0.0,80792.56006,0.0
271,2020,9,30,0,6,2340.848104,,,,,,,,,0.0,0.0,2358.946716,0.0
272,2020,9,30,0,0,22594.13468,,,,,,,,,0.0,0.0,368.048183,0.0
273,2020,10,31,1,1,277.983769,,,,,,,,,0.0,0.0,306.83852,0.0
274,2020,10,31,1,5,845.627666,,,,,,,,,0.0,0.0,921.768679,0.0
275,2020,10,31,1,2,3.335587,,,,,,,,,0.0,0.0,4.732578,0.0
276,2020,10,31,1,3,233.15974,,,,,,,,,0.0,0.0,252.043627,0.0
277,2020,10,31,1,6,161.233236,,,,,,,,,0.0,0.0,163.88478,0.0
278,2020,10,31,1,0,133.192318,,,,,,,,,0.0,0.0,5.264131,0.0
279,2020,10,31,0,1,7750.104433,,,,,,,,,0.0,0.0,13720.25899,0.0
280,2020,10,31,0,4,173.137841,,,,,,,,,0.0,0.0,178.677127,0.0
281,2020,10,31,0,5,21767.77256,,,,,,,,,0.0,0.0,24025.50598,0.0
282,2020,10,31,0,2,117.499871,,,,,,,,,0.0,0.0,144.805596,0.0
283,2020,10,31,0,3,67343.41747,,,,,,,,,0.0,0.0,78148.76477,0.0
284,2020,10,31,0,6,2333.614221,,,,,,,,,0.0,0.0,2346.739788,0.0
285,2020,10,31,0,0,19531.20243,,,,,,,,,0.0,0.0,451.99657,0.0
286,2020,11,30,1,1,260.944674,,,,,,,,,0.0,0.0,327.491564,0.0
287,2020,11,30,1,5,799.875508,,,,,,,,,0.0,0.0,876.179525,0.0
288,2020,11,30,1,2,2.441778,,,,,,,,,0.0,0.0,3.325345,0.0
289,2020,11,30,1,3,244.046911,,,,,,,,,0.0,0.0,255.058542,0.0
290,2020,11,30,1,6,160.472868,,,,,,,,,0.0,0.0,165.340668,0.0
291,2020,11,30,1,0,160.239766,,,,,,,,,0.0,0.0,0.625861,0.0
292,2020,11,30,0,1,8029.131803,,,,,,,,,0.0,0.0,14868.50947,0.0
293,2020,11,30,0,4,170.810458,,,,,,,,,0.0,0.0,176.965268,0.0
294,2020,11,30,0,5,20319.53855,,,,,,,,,0.0,0.0,22661.71403,0.0
295,2020,11,30,0,2,121.139031,,,,,,,,,0.0,0.0,141.381747,0.0
296,2020,11,30,0,3,64968.44253,,,,,,,,,0.0,0.0,75688.04684,0.0
297,2020,11,30,0,6,2326.02404,,,,,,,,,0.0,0.0,2341.425824,0.0
298,2020,11,30,0,0,20311.43852,,,,,,,,,0.0,0.0,368.481759,0.0
299,2020,12,31,1,1,246.595594,,,,,,,,,0.0,0.0,289.383066,0.0
300,2020,12,31,1,5,779.785667,,,,,,,,,0.0,0.0,865.14524,0.0
301,2020,12,31,1,2,2.2605,,,,,,,,,0.0,0.0,2.489115,0.0
302,2020,12,31,1,3,237.325993,,,,,,,,,0.0,0.0,255.682634,0.0
303,2020,12,31,1,6,166.444589,,,,,,,,,0.0,0.0,172.259545,0.0
304,2020,12,31,1,0,153.172307,,,,,,,,,0.0,0.0,0.625051,0.0
305,2020,12,31,0,1,7572.516576,,,,,,,,,0.0,0.0,15913.64701,0.0
306,2020,12,31,0,4,164.211659,,,,,,,,,0.0,0.0,181.284166,0.0
307,2020,12,31,0,5,19061.9441,,,,,,,,,0.0,0.0,20882.49007,0.0
308,2020,12,31,0,2,98.968557,,,,,,,,,0.0,0.0,143.882343,0.0
309,2020,12,31,0,3,60308.05249,,,,,,,,,0.0,0.0,70646.85784,0.0
310,2020,12,31,0,6,2057.034725,,,,,,,,,0.0,0.0,2342.245782,0.0
311,2020,12,31,0,0,21254.68659,,,,,,,,,0.0,0.0,407.007487,0.0
312,2021,1,31,1,1,251.95159,,,,,,,,,0.0,0.0,277.566729,0.0
313,2021,1,31,1,5,760.99522,,,,,,,,,0.0,0.0,822.406008,0.0
314,2021,1,31,1,2,1.722039,,,,,,,,,0.0,0.0,2.264323,0.0
315,2021,1,31,1,3,233.685595,,,,,,,,,0.0,0.0,246.833292,0.0
316,2021,1,31,1,6,172.17036,,,,,,,,,0.0,0.0,172.17036,0.0
317,2021,1,31,1,0,101.570609,,,,,,,,,0.0,0.0,0.854701,0.0
318,2021,1,31,0,1,7472.99755,,,,,,,,,0.0,0.0,16071.26779,0.0
319,2021,1,31,0,4,133.682226,,,,,,,,,0.0,0.0,175.870692,0.0
320,2021,1,31,0,5,18039.96935,,,,,,,,,0.0,0.0,19591.23741,0.0
321,2021,1,31,0,2,96.336253,,,,,,,,,0.0,0.0,129.442821,0.0
322,2021,1,31,0,3,56519.10476,,,,,,,,,0.0,0.0,66268.01183,0.0
323,2021,1,31,0,6,1987.471962,,,,,,,,,0.0,0.0,2278.625301,0.0
324,2021,1,31,0,0,20669.76304,,,,,,,,,0.0,0.0,404.869312,0.0
325,2021,2,28,1,1,259.990014,,,,,,,,,0.0,0.0,275.090279,0.0
326,2021,2,28,1,5,743.432202,,,,,,,,,0.0,0.0,834.200332,0.0
327,2021,2,28,1,2,1.692407,,,,,,,,,0.0,0.0,1.713155,0.0
328,2021,2,28,1,3,207.935177,,,,,,,,,0.0,0.0,237.530641,0.0
329,2021,2,28,1,6,160.709546,,,,,,,,,0.0,0.0,175.044341,0.0
330,2021,2,28,1,0,152.056331,,,,,,,,,0.0,0.0,2.23693,0.0
331,2021,2,28,0,1,9901.587478,,,,,,,,,0.0,0.0,15658.67221,0.0
332,2021,2,28,0,4,113.888548,,,,,,,,,0.0,0.0,138.917149,0.0
333,2021,2,28,0,5,17640.02791,,,,,,,,,0.0,0.0,18882.10956,0.0
334,2021,2,28,0,2,98.585056,,,,,,,,,0.0,0.0,123.461423,0.0
335,2021,2,28,0,3,52877.44092,,,,,,,,,0.0,0.0,63430.53163,0.0
336,2021,2,28,0,6,1930.939673,,,,,,,,,0.0,0.0,2023.89102,0.0
337,2021,2,28,0,0,19131.17488,,,,,,,,,0.0,0.0,1436.061472,0.0
338,2021,3,31,1,1,252.263181,,,,,,,,,0.0,0.0,280.515937,0.0
339,2021,3,31,1,5,784.767331,,,,,,,,,0.0,0.0,824.365858,0.0
340,2021,3,31,1,2,1.572624,,,,,,,,,0.0,0.0,1.687798,0.0
341,2021,3,31,1,3,209.381025,,,,,,,,,0.0,0.0,224.078874,0.0
342,2021,3,31,1,6,154.318279,,,,,,,,,0.0,0.0,177.493866,0.0
343,2021,3,31,1,0,106.525592,,,,,,,,,0.0,0.0,0.685699,0.0
344,2021,3,31,0,1,8830.606385,,,,,,,,,0.0,0.0,19299.4393,0.0
345,2021,3,31,0,4,80.328717,,,,,,,,,0.0,0.0,134.303437,0.0
346,2021,3,31,0,5,16785.80005,,,,,,,,,0.0,0.0,18641.33088,0.0
347,2021,3,31,0,2,94.841831,,,,,,,,,0.0,0.0,129.100506,0.0
348,2021,3,31,0,3,48750.27202,,,,,,,,,0.0,0.0,61820.78488,0.0
349,2021,3,31,0,6,1905.463545,,,,,,,,,0.0,0.0,1963.77882,0.0
350,2021,3,31,0,0,25922.76133,,,,,,,,,0.0,0.0,381.336052,0.0
351,2021,4,30,1,1,243.077845,,,,,,,,,0.0,0.0,270.186161,0.0
352,2021,4,30,1,5,757.912692,,,,,,,,,0.0,0.0,799.713728,0.0
353,2021,4,30,1,2,1.569629,,,,,,,,,0.0,0.0,1.569629,0.0
354,2021,4,30,1,3,206.262184,,,,,,,,,0.0,0.0,212.998253,0.0
355,2021,4,30,1,6,163.603048,,,,,,,,,0.0,0.0,164.225516,0.0
356,2021,4,30,1,0,78.481762,,,,,,,,,0.0,0.0,2.213874,0.0
357,2021,4,30,0,1,9459.256993,,,,,,,,,0.0,0.0,18798.01712,0.0
358,2021,4,30,0,4,92.087943,,,,,,,,,0.0,0.0,95.232353,0.0
359,2021,4,30,0,5,16914.54094,,,,,,,,,0.0,0.0,18129.23053,0.0
360,2021,4,30,0,2,113.023214,,,,,,,,,0.0,0.0,132.912958,0.0
361,2021,4,30,0,3,50140.33442,,,,,,,,,0.0,0.0,58112.85262,0.0
362,2021,4,30,0,6,1890.682925,,,,,,,,,0.0,0.0,1939.798757,0.0
363,2021,4,30,0,0,19021.15001,,,,,,,,,0.0,0.0,422.570983,0.0
364,2021,5,31,1,1,258.70074,,,,,,,,,0.0,0.0,273.911186,0.0
365,2021,5,31,1,5,685.639055,,,,,,,,,0.0,0.0,775.302152,0.0
366,2021,5,31,1,2,1.576782,,,,,,,,,0.0,0.0,1.576782,0.0
367,2021,5,31,1,3,219.421998,,,,,,,,,0.0,0.0,220.96668,0.0
368,2021,5,31,1,6,165.022129,,,,,,,,,0.0,0.0,169.475389,0.0
369,2021,5,31,1,0,111.539637,,,,,,,,,0.0,0.0,0.668151,0.0
370,2021,5,31,0,1,9867.177293,,,,,,,,,0.0,0.0,19074.13006,0.0
371,2021,5,31,0,4,95.093223,,,,,,,,,0.0,0.0,99.555638,0.0
372,2021,5,31,0,5,16654.64086,,,,,,,,,0.0,0.0,17858.71645,0.0
373,2021,5,31,0,2,114.735681,,,,,,,,,0.0,0.0,147.220865,0.0
374,2021,5,31,0,3,52143.64577,,,,,,,,,0.0,0.0,58122.17456,0.0
375,2021,5,31,0,6,1859.346255,,,,,,,,,0.0,0.0,1921.054064,0.0
376,2021,5,31,0,0,16997.32317,,,,,,,,,0.0,0.0,509.11062,0.0
377,2021,7,31,1,1,349.627945,,,,,,,,,0.0,0.0,,0.0
378,2021,7,31,1,5,611.164721,,,,,,,,,0.0,0.0,,0.0
379,2021,7,31,1,2,1.431428,,,,,,,,,0.0,0.0,,0.0
380,2021,7,31,1,3,259.643091,,,,,,,,,0.0,0.0,,0.0
381,2021,7,31,1,6,163.604736,,,,,,,,,0.0,0.0,,0.0
382,2021,7,31,1,0,63.586989,,,,,,,,,0.0,0.0,,0.0
383,2021,7,31,0,1,9824.013696,,,,,,,,,0.0,0.0,,0.0
384,2021,7,31,0,4,105.244869,,,,,,,,,0.0,0.0,,0.0
385,2021,7,31,0,5,16252.46195,,,,,,,,,0.0,0.0,,0.0
386,2021,7,31,0,2,127.142851,,,,,,,,,0.0,0.0,,0.0
387,2021,7,31,0,3,51426.52292,,,,,,,,,0.0,0.0,,0.0
388,2021,7,31,0,6,1765.446691,,,,,,,,,0.0,0.0,,0.0
389,2021,7,31,0,0,16887.19364,,,,,,,,,0.0,0.0,,0.0
390,2021,8,31,1,1,332.730719,,,,,,,,,0.0,0.0,414.805623,0.0
391,2021,8,31,1,5,524.30672,,,,,,,,,0.0,0.0,615.724456,0.0
392,2021,8,31,1,2,1.426782,,,,,,,,,0.0,0.0,1.426782,0.0
393,2021,8,31,1,3,261.035585,,,,,,,,,0.0,0.0,278.669892,0.0
394,2021,8,31,1,6,141.100815,,,,,,,,,0.0,0.0,163.106124,0.0
395,2021,8,31,1,0,214.428632,,,,,,,,,0.0,0.0,1.296377,0.0
396,2021,8,31,0,1,10405.69029,,,,,,,,,0.0,0.0,17926.48389,0.0
397,2021,8,31,0,4,102.375926,,,,,,,,,0.0,0.0,108.08974,0.0
398,2021,8,31,0,5,15967.75016,,,,,,,,,0.0,0.0,17591.34887,0.0
399,2021,8,31,0,2,149.395251,,,,,,,,,0.0,0.0,189.805153,0.0
400,2021,8,31,0,3,49474.06111,,,,,,,,,0.0,0.0,57269.02871,0.0
401,2021,8,31,0,6,1711.474073,,,,,,,,,0.0,0.0,1817.976012,0.0
402,2021,8,31,0,0,17395.45194,,,,,,,,,0.0,0.0,303.466373,0.0
403,2021,9,30,1,1,419.777226,,,,,,,,,0.0,0.0,443.122299,0.0
404,2021,9,30,1,5,504.390591,,,,,,,,,0.0,0.0,538.307116,0.0
405,2021,9,30,1,2,1.415554,,,,,,,,,0.0,0.0,1.415554,0.0
406,2021,9,30,1,3,282.008322,,,,,,,,,0.0,0.0,286.707456,0.0
407,2021,9,30,1,6,136.313473,,,,,,,,,0.0,0.0,151.443116,0.0
408,2021,9,30,1,0,78.802975,,,,,,,,,0.0,0.0,1.712601,0.0
409,2021,9,30,0,1,10282.5998,,,,,,,,,0.0,0.0,18945.04264,0.0
410,2021,9,30,0,4,103.999511,,,,,,,,,0.0,0.0,106.443023,0.0
411,2021,9,30,0,5,15880.73784,,,,,,,,,0.0,0.0,17128.41385,0.0
412,2021,9,30,0,2,188.5806,,,,,,,,,0.0,0.0,219.486478,0.0
413,2021,9,30,0,3,48593.01303,,,,,,,,,0.0,0.0,56411.37857,0.0
414,2021,9,30,0,6,1629.424799,,,,,,,,,0.0,0.0,1725.147445,0.0
415,2021,9,30,0,0,18207.0884,,,,,,,,,0.0,0.0,349.531977,0.0
416,2021,10,31,1,1,437.187139,,,,,,,,,0.0,0.0,467.074611,0.0
417,2021,10,31,1,5,473.450052,,,,,,,,,0.0,0.0,506.685746,0.0
418,2021,10,31,1,2,1.411794,,,,,,,,,0.0,0.0,1.411794,0.0
419,2021,10,31,1,3,308.453443,,,,,,,,,0.0,0.0,319.515071,0.0
420,2021,10,31,1,6,131.031952,,,,,,,,,0.0,0.0,137.151739,0.0
421,2021,10,31,1,0,83.992517,,,,,,,,,0.0,0.0,3.687935,0.0
422,2021,10,31,0,1,9688.002912,,,,,,,,,0.0,0.0,19210.33377,0.0
423,2021,10,31,0,4,108.007217,,,,,,,,,0.0,0.0,122.640518,0.0
424,2021,10,31,0,5,15978.62985,,,,,,,,,0.0,0.0,16807.58777,0.0
425,2021,10,31,0,2,199.645862,,,,,,,,,0.0,0.0,236.516262,0.0
426,2021,10,31,0,3,48102.44676,,,,,,,,,0.0,0.0,55813.14327,0.0
427,2021,10,31,0,6,1491.172683,,,,,,,,,0.0,0.0,1639.322058,0.0
428,2021,10,31,0,0,18532.67303,,,,,,,,,0.0,0.0,271.034666,0.0
429,2021,11,30,1,1,408.753769,,,,,,,,,0.0,0.0,462.577086,0.0
430,2021,11,30,1,5,447.030239,,,,,,,,,0.0,0.0,488.741279,0.0
431,2021,11,30,1,2,0.955535,,,,,,,,,0.0,0.0,1.411388,0.0
432,2021,11,30,1,3,310.905821,,,,,,,,,0.0,0.0,327.414636,0.0
433,2021,11,30,1,6,116.600336,,,,,,,,,0.0,0.0,131.030409,0.0
434,2021,11,30,1,0,139.362538,,,,,,,,,0.0,0.0,12.43344,0.0
435,2021,11,30,0,1,8290.090887,,,,,,,,,0.0,0.0,18551.86877,0.0
436,2021,11,30,0,4,102.912005,,,,,,,,,0.0,0.0,113.593677,0.0
437,2021,11,30,0,5,16098.57532,,,,,,,,,0.0,0.0,16802.68086,0.0
438,2021,11,30,0,2,190.120971,,,,,,,,,0.0,0.0,236.888866,0.0
439,2021,11,30,0,3,46766.10083,,,,,,,,,0.0,0.0,54871.27201,0.0
440,2021,11,30,0,6,1372.582858,,,,,,,,,0.0,0.0,1509.676503,0.0
441,2021,11,30,0,0,19550.36978,,,,,,,,,0.0,0.0,284.771965,0.0
442,2021,12,31,1,1,390.01601,,,,,,,,,0.0,0.0,461.77324,0.0
443,2021,12,31,1,5,414.205836,,,,,,,,,0.0,0.0,450.926288,0.0
444,2021,12,31,1,2,5.488466,,,,,,,,,0.0,0.0,5.488466,0.0
445,2021,12,31,1,3,319.219521,,,,,,,,,0.0,0.0,336.9948,0.0
446,2021,12,31,1,6,109.096127,,,,,,,,,0.0,0.0,116.283117,0.0
447,2021,12,31,1,0,141.59882,,,,,,,,,0.0,0.0,8.15887,0.0
448,2021,12,31,0,1,7873.191854,,,,,,,,,0.0,0.0,18759.42639,0.0
449,2021,12,31,0,4,95.757928,,,,,,,,,0.0,0.0,104.389343,0.0
450,2021,12,31,0,5,15782.12594,,,,,,,,,0.0,0.0,16655.00977,0.0
451,2021,12,31,0,2,139.126691,,,,,,,,,0.0,0.0,231.199654,0.0
452,2021,12,31,0,3,47260.57797,,,,,,,,,0.0,0.0,53613.11596,0.0
453,2021,12,31,0,6,1040.460017,,,,,,,,,0.0,0.0,1380.119267,0.0
454,2021,12,31,0,0,18914.12011,,,,,,,,,0.0,0.0,362.100119,0.0
455,2022,1,31,1,1,427.822267,,,,,,,,,0.0,0.0,476.510962,0.0
456,2022,1,31,1,5,419.059914,,,,,,,,,0.0,0.0,448.940353,0.0
457,2022,1,31,1,2,5.522728,,,,,,,,,0.0,0.0,5.522728,0.0
458,2022,1,31,1,3,324.444283,,,,,,,,,0.0,0.0,346.828411,0.0
459,2022,1,31,1,6,93.358977,,,,,,,,,0.0,0.0,110.411615,0.0
460,2022,1,31,1,0,132.744516,,,,,,,,,0.0,0.0,14.738614,0.0
461,2022,1,31,0,1,9697.314899,,,,,,,,,0.0,0.0,20658.71662,0.0
462,2022,1,31,0,4,79.451492,,,,,,,,,0.0,0.0,97.754831,0.0
463,2022,1,31,0,5,15556.09348,,,,,,,,,0.0,0.0,16456.83371,0.0
464,2022,1,31,0,2,129.102545,,,,,,,,,0.0,0.0,186.994828,0.0
465,2022,1,31,0,3,47743.7028,,,,,,,,,0.0,0.0,53890.13295,0.0
466,2022,1,31,0,6,884.064404,,,,,,,,,0.0,0.0,1051.813561,0.0
467,2022,1,31,0,0,18671.14279,,,,,,,,,0.0,0.0,418.625901,0.0
468,2022,2,28,1,1,449.865565,,,,,,,,,0.0,0.0,467.51065,0.0
469,2022,2,28,1,5,415.432102,,,,,,,,,0.0,0.0,422.222061,0.0
470,2022,2,28,1,2,5.474977,,,,,,,,,0.0,0.0,5.474977,0.0
471,2022,2,28,1,3,318.479712,,,,,,,,,0.0,0.0,335.004378,0.0
472,2022,2,28,1,6,81.249455,,,,,,,,,0.0,0.0,92.577797,0.0
473,2022,2,28,1,0,69.89973,,,,,,,,,0.0,0.0,17.611679,0.0
474,2022,2,28,0,1,13124.19279,,,,,,,,,0.0,0.0,23294.48265,0.0
475,2022,2,28,0,4,81.805948,,,,,,,,,0.0,0.0,91.723245,0.0
476,2022,2,28,0,5,16077.9849,,,,,,,,,0.0,0.0,17114.24247,0.0
477,2022,2,28,0,2,153.431592,,,,,,,,,0.0,0.0,184.105371,0.0
478,2022,2,28,0,3,46973.46621,,,,,,,,,0.0,0.0,54437.05516,0.0
479,2022,2,28,0,6,774.415314,,,,,,,,,0.0,0.0,902.498143,0.0
480,2022,2,28,0,0,19118.67795,,,,,,,,,0.0,0.0,279.867651,0.0
481,2022,3,31,1,1,353.203903,,,,,,,,,0.0,0.0,478.374786,0.0
482,2022,3,31,1,5,417.860624,,,,,,,,,0.0,0.0,448.373235,0.0
483,2022,3,31,1,2,0.954404,,,,,,,,,0.0,0.0,5.516404,0.0
484,2022,3,31,1,3,301.65327,,,,,,,,,0.0,0.0,338.006939,0.0
485,2022,3,31,1,6,84.825588,,,,,,,,,0.0,0.0,87.562788,0.0
486,2022,3,31,1,0,221.503145,,,,,,,,,0.0,0.0,22.166781,0.0
487,2022,3,31,0,1,10799.95633,,,,,,,,,0.0,0.0,23198.24481,0.0
488,2022,3,31,0,4,86.243304,,,,,,,,,0.0,0.0,95.377103,0.0
489,2022,3,31,0,5,17940.82195,,,,,,,,,0.0,0.0,19198.90341,0.0
490,2022,3,31,0,2,144.037581,,,,,,,,,0.0,0.0,184.644982,0.0
491,2022,3,31,0,3,46919.06853,,,,,,,,,0.0,0.0,55669.2154,0.0
492,2022,3,31,0,6,699.324163,,,,,,,,,0.0,0.0,782.539925,0.0
493,2022,3,31,0,0,22810.20477,,,,,,,,,0.0,0.0,270.730994,0.0
494,2022,4,30,1,1,394.80493,,,,,,,,,0.0,0.0,444.705833,0.0
495,2022,4,30,1,5,411.636848,,,,,,,,,0.0,0.0,441.77947,0.0
496,2022,4,30,1,2,0.955379,,,,,,,,,0.0,0.0,0.955379,0.0
497,2022,4,30,1,3,319.066418,,,,,,,,,0.0,0.0,361.089756,0.0
498,2022,4,30,1,6,84.367216,,,,,,,,,0.0,0.0,85.008896,0.0
499,2022,4,30,1,0,139.663829,,,,,,,,,0.0,0.0,16.955285,0.0
500,2022,4,30,0,1,11151.27003,,,,,,,,,0.0,0.0,23181.68572,0.0
501,2022,4,30,0,4,100.20998,,,,,,,,,0.0,0.0,106.751618,0.0
502,2022,4,30,0,5,19608.8981,,,,,,,,,0.0,0.0,20823.42264,0.0
503,2022,4,30,0,2,140.710185,,,,,,,,,0.0,0.0,187.534526,0.0
504,2022,4,30,0,3,48597.0657,,,,,,,,,0.0,0.0,55848.16744,0.0
505,2022,4,30,0,6,652.608795,,,,,,,,,0.0,0.0,706.588953,0.0
506,2022,4,30,0,0,20859.49292,,,,,,,,,0.0,0.0,256.10482,0.0
507,2022,5,31,1,1,347.159285,,,,,,,,,0.0,0.0,453.128245,0.0
508,2022,5,31,1,5,397.870683,,,,,,,,,0.0,0.0,418.264598,0.0
509,2022,5,31,1,2,0.954076,,,,,,,,,0.0,0.0,0.954076,0.0
510,2022,5,31,1,3,307.443446,,,,,,,,,0.0,0.0,336.759922,0.0
511,2022,5,31,1,6,72.737869,,,,,,,,,0.0,0.0,85.343556,0.0
512,2022,5,31,1,0,180.561256,,,,,,,,,0.0,0.0,12.276219,0.0
513,2022,5,31,0,1,12054.55056,,,,,,,,,0.0,0.0,24181.31847,0.0
514,2022,5,31,0,4,102.940956,,,,,,,,,0.0,0.0,118.253255,0.0
515,2022,5,31,0,5,22011.18323,,,,,,,,,0.0,0.0,23043.58977,0.0
516,2022,5,31,0,2,138.62423,,,,,,,,,0.0,0.0,173.376821,0.0
517,2022,5,31,0,3,49947.32612,,,,,,,,,0.0,0.0,57221.48475,0.0
518,2022,5,31,0,6,614.807586,,,,,,,,,0.0,0.0,674.721551,0.0
519,2022,5,31,0,0,20832.73046,,,,,,,,,0.0,0.0,289.418529,0.0
520,2022,6,30,1,1,318.637541,,,,,,,,,0.0,0.0,400.539279,0.0
521,2022,6,30,1,5,395.643102,,,,,,,,,0.0,0.0,413.861962,0.0
522,2022,6,30,1,2,0.965988,,,,,,,,,0.0,0.0,0.965988,0.0
523,2022,6,30,1,3,311.617814,,,,,,,,,0.0,0.0,341.821102,0.0
524,2022,6,30,1,6,82.466894,,,,,,,,,0.0,0.0,86.250134,0.0
525,2022,6,30,1,0,147.964473,,,,,,,,,0.0,0.0,13.857347,0.0
526,2022,6,30,0,1,12325.58377,,,,,,,,,0.0,0.0,23768.96001,0.0
527,2022,6,30,0,4,105.363591,,,,,,,,,0.0,0.0,108.606844,0.0
528,2022,6,30,0,5,23466.26436,,,,,,,,,0.0,0.0,25197.00902,0.0
529,2022,6,30,0,2,146.875748,,,,,,,,,0.0,0.0,181.054559,0.0
530,2022,6,30,0,3,49892.65854,,,,,,,,,0.0,0.0,56841.50419,0.0
531,2022,6,30,0,6,556.232741,,,,,,,,,0.0,0.0,631.271392,0.0
532,2022,6,30,0,0,20430.06575,,,,,,,,,0.0,0.0,194.638471,0.0
533,2022,7,31,1,1,418.272047,2.85,3.95,3.2,11.0,2.9,3.26,2.0,4.0,0.0,0.0,463.925871,0.0
534,2022,7,31,1,5,384.717165,4.0,6.35,4.8,14.0,4.51,4.7,2.0,4.0,0.0,0.0,404.060787,0.0
535,2022,7,31,1,2,0.966358,2.85,3.95,3.2,11.0,2.9,3.26,2.0,4.0,0.0,0.0,0.966358,0.0
536,2022,7,31,1,3,371.977147,4.0,6.35,4.8,14.0,4.51,4.7,2.0,4.0,0.0,0.0,389.684151,0.0
537,2022,7,31,1,6,81.333595,4.0,6.35,4.8,14.0,4.51,4.7,2.0,4.0,0.0,0.0,82.744409,0.0
538,2022,7,31,1,0,98.414701,2.85,3.95,3.2,11.0,1.4,1.74,2.0,4.0,0.0,0.0,14.299439,0.0
539,2022,7,31,0,1,12028.32492,2.85,3.95,3.2,11.0,2.9,3.26,2.0,4.0,0.0,0.0,22478.60302,0.0
540,2022,7,31,0,4,101.880851,4.0,6.35,4.8,14.0,4.51,4.7,2.0,4.0,0.0,0.0,113.028489,0.0
541,2022,7,31,0,5,25016.14627,4.0,6.35,4.8,14.0,4.51,4.7,2.0,4.0,0.0,0.0,26693.8923,0.0
542,2022,7,31,0,2,152.715031,2.85,3.95,3.2,11.0,2.9,3.26,2.0,4.0,0.0,0.0,188.327249,0.0
543,2022,7,31,0,3,49867.94004,4.0,6.35,4.8,14.0,4.51,4.7,2.0,4.0,0.0,0.0,57019.60057,0.0
544,2022,7,31,0,6,545.321209,4.0,6.35,4.8,14.0,4.51,4.7,2.0,4.0,0.0,0.0,573.239085,0.0
545,2022,7,31,0,0,19528.1314,2.85,3.95,3.2,11.0,1.4,1.74,2.0,4.0,0.0,0.0,173.769005,0.0
546,2022,8,31,1,1,420.145403,3.0,4.0,3.2,12.0,4.54,5.44,2.0,4.0,0.0,0.0,461.409082,0.0
547,2022,8,31,1,5,371.370751,4.0,6.35,4.8,14.0,5.75,5.79,2.0,4.0,0.0,0.0,402.520197,0.0
548,2022,8,31,1,2,1.436036,3.0,4.0,3.2,12.0,4.54,5.44,2.0,4.0,0.0,0.0,1.436036,0.0
549,2022,8,31,1,3,385.608358,4.0,6.35,4.8,14.0,5.75,5.79,2.0,4.0,0.0,0.0,406.682555,0.0
550,2022,8,31,1,6,81.603923,4.0,6.35,4.8,14.0,5.75,5.79,2.0,4.0,0.0,0.0,81.695453,0.0
551,2022,8,31,1,0,101.470276,3.0,4.0,3.2,12.0,4.18,4.52,2.0,4.0,0.0,0.0,7.891424,0.0
552,2022,8,31,0,1,10901.87815,3.0,4.0,3.2,12.0,4.54,5.44,2.0,4.0,0.0,0.0,21384.82116,0.0
553,2022,8,31,0,4,112.442551,4.0,6.35,4.8,14.0,5.75,5.79,2.0,4.0,0.0,0.0,117.085563,0.0
554,2022,8,31,0,5,26209.09584,4.0,6.35,4.8,14.0,5.75,5.79,2.0,4.0,0.0,0.0,27781.40408,0.0
555,2022,8,31,0,2,157.620474,3.0,4.0,3.2,12.0,4.54,5.44,2.0,4.0,0.0,0.0,193.229775,0.0
556,2022,8,31,0,3,47195.74356,4.0,6.35,4.8,14.0,5.75,5.79,2.0,4.0,0.0,0.0,56901.88268,0.0
557,2022,8,31,0,6,509.931591,4.0,6.35,4.8,14.0,5.75,5.79,2.0,4.0,0.0,0.0,560.006083,0.0
558,2022,8,31,0,0,22052.41008,3.0,4.0,3.2,12.0,4.18,4.52,2.0,4.0,0.0,0.0,200.692902,0.0
559,2022,9,30,1,1,375.473521,3.0,4.0,3.2,14.0,5.07,5.8,2.0,4.0,0.0,0.0,457.648369,0.0
560,2022,9,30,1,5,372.339997,4.0,6.5,5.2,13.0,6.42,7.13,2.0,4.0,0.0,0.0,386.673427,0.0
561,2022,9,30,1,2,1.378062,3.0,4.0,3.2,13.0,5.07,5.8,2.0,4.0,0.0,0.0,1.43948,0.0
562,2022,9,30,1,3,382.424042,4.0,6.5,5.2,13.0,6.42,7.13,2.0,4.0,0.0,0.0,439.083836,0.0
563,2022,9,30,1,6,81.912691,4.0,6.5,5.2,13.0,6.42,7.13,2.0,4.0,0.0,0.0,87.440799,0.0
564,2022,9,30,1,0,167.148145,3.0,4.0,3.2,14.0,5.21,4.86,2.0,4.0,0.0,0.0,8.390549,0.0
565,2022,9,30,0,1,10114.06115,3.0,4.0,3.2,14.0,5.07,5.8,2.0,4.0,0.0,0.0,19701.27665,0.0
566,2022,9,30,0,4,101.965894,4.0,6.5,5.2,13.0,6.42,7.13,2.0,4.0,0.0,0.0,122.716185,0.0
567,2022,9,30,0,5,27334.01435,4.0,6.5,5.2,13.0,6.42,7.13,2.0,4.0,0.0,0.0,28638.87061,0.0
568,2022,9,30,0,2,168.756522,3.0,4.0,3.2,13.0,5.07,5.8,2.0,4.0,0.0,0.0,243.480447,0.0
569,2022,9,30,0,3,46628.47176,4.0,6.5,5.2,13.0,6.42,7.13,2.0,4.0,0.0,0.0,56116.10839,0.0
570,2022,9,30,0,6,502.693381,4.0,6.5,5.2,13.0,6.42,7.13,2.0,4.0,0.0,0.0,527.256033,0.0
571,2022,9,30,0,0,20710.56432,3.0,4.0,3.2,14.0,5.21,4.86,2.0,4.0,0.0,0.0,210.819072,0.0
572,2022,10,31,1,1,293.071186,3.35,5.0,4.0,15.0,6.78,7.8,3.0,5.0,0.0,0.0,482.42128,0.0
573,2022,10,31,1,5,352.733314,4.7,7.0,5.8,12.0,8.01,8.74,3.0,5.0,0.0,0.0,385.007735,0.0
574,2022,10,31,1,2,1.401726,3.35,5.0,4.0,15.0,6.78,7.8,3.0,5.0,0.0,0.0,1.401726,0.0
575,2022,10,31,1,3,401.768444,4.7,7.0,5.8,12.0,8.01,8.74,3.0,5.0,0.0,0.0,442.273517,0.0
576,2022,10,31,1,6,84.547257,4.7,7.0,5.8,12.0,8.01,8.74,3.0,5.0,0.0,0.0,86.275456,0.0
577,2022,10,31,1,0,273.285221,3.35,5.0,4.0,15.0,5.26,5.1,3.0,5.0,0.0,0.0,9.427434,0.0
578,2022,10,31,0,1,8523.671058,3.35,5.0,4.0,15.0,6.78,7.8,3.0,5.0,0.0,0.0,18826.73666,0.0
579,2022,10,31,0,4,112.043166,4.7,7.0,5.8,12.0,8.01,8.74,3.0,5.0,0.0,0.0,114.453789,0.0
580,2022,10,31,0,5,27366.35515,4.7,7.0,5.8,12.0,8.01,8.74,3.0,5.0,0.0,0.0,29453.03267,0.0
581,2022,10,31,0,2,184.739147,3.35,5.0,4.0,15.0,6.78,7.8,3.0,5.0,0.0,0.0,233.669111,0.0
582,2022,10,31,0,3,44012.54204,4.7,7.0,5.8,12.0,8.01,8.74,3.0,5.0,0.0,0.0,55570.11891,0.0
583,2022,10,31,0,6,476.185057,4.7,7.0,5.8,12.0,8.01,8.74,3.0,5.0,0.0,0.0,536.922162,0.0
584,2022,10,31,0,0,24252.47827,3.35,5.0,4.0,15.0,5.26,5.1,3.0,5.0,0.0,0.0,193.080588,0.0
585,2022,11,30,1,1,308.846919,3.8,6.0,5.6,12.0,8.09,10.51,4.0,6.0,0.0,0.0,387.968463,0.0
586,2022,11,30,1,5,372.303743,6.0,7.9,7.9,1.0,9.08,7.65,4.0,6.0,0.0,0.0,387.801557,0.0
587,2022,11,30,1,2,1.455074,3.8,6.0,5.6,12.0,8.09,10.51,4.0,6.0,0.0,0.0,1.455074,0.0
588,2022,11,30,1,3,402.068289,6.0,7.9,7.9,1.0,9.08,7.65,4.0,6.0,0.0,0.0,440.328652,0.0
589,2022,11,30,1,6,87.734757,6.0,7.9,7.9,1.0,9.08,7.65,4.0,6.0,0.0,0.0,87.734757,0.0
590,2022,11,30,1,0,141.65346,3.8,6.0,5.6,12.0,4.88,7.0,4.0,6.0,0.0,0.0,8.773738,0.0
591,2022,11,30,0,1,9418.945679,3.8,6.0,5.6,12.0,8.09,10.51,4.0,6.0,0.0,0.0,19382.02949,0.0
592,2022,11,30,0,4,117.974947,6.0,7.9,7.9,1.0,9.08,7.65,4.0,6.0,0.0,0.0,122.664469,0.0
593,2022,11,30,0,5,31705.93554,6.0,7.9,7.9,1.0,9.08,7.65,4.0,6.0,0.0,0.0,34680.7999,0.0
594,2022,11,30,0,2,183.204426,3.8,6.0,5.6,12.0,8.09,10.51,4.0,6.0,0.0,0.0,232.079494,0.0
595,2022,11,30,0,3,54027.44825,6.0,7.9,7.9,1.0,9.08,7.65,4.0,6.0,0.0,0.0,62825.27019,0.0
596,2022,11,30,0,6,488.491721,6.0,7.9,7.9,1.0,9.08,7.65,4.0,6.0,0.0,0.0,569.786109,0.0
597,2022,11,30,0,0,22079.68712,3.8,6.0,5.6,12.0,4.88,7.0,4.0,6.0,0.0,0.0,209.058026,0.0
598,2022,12,31,1,1,290.352318,4.9,6.0,6.0,2.0,8.16,10.25,4.0,6.0,0.0,0.0,354.893712,0.0
599,2022,12,31,1,5,354.571169,6.0,9.1,8.7,2.0,12.14,8.5,4.0,6.0,0.0,0.0,378.878438,0.0
600,2022,12,31,1,2,0.956001,4.9,6.0,6.0,1.0,8.16,10.25,4.0,6.0,0.0,0.0,1.449201,0.0
601,2022,12,31,1,3,382.039467,6.0,9.1,8.7,2.0,12.14,8.5,4.0,6.0,0.0,0.0,478.820017,0.0
602,2022,12,31,1,6,87.195178,6.0,9.1,8.7,2.0,12.14,8.5,4.0,6.0,0.0,0.0,87.302977,0.0
603,2022,12,31,1,0,200.163188,4.9,6.0,6.0,2.0,5.61,7.03,4.0,6.0,0.0,0.0,13.932975,0.0
604,2022,12,31,0,1,9016.399985,4.9,6.0,6.0,2.0,8.16,10.25,4.0,6.0,0.0,0.0,19294.91701,0.0
605,2022,12,31,0,4,124.946179,6.0,9.1,8.7,2.0,12.14,8.5,4.0,6.0,0.0,0.0,142.21986,0.0
606,2022,12,31,0,5,36150.62473,6.0,9.1,8.7,2.0,12.14,8.5,4.0,6.0,0.0,0.0,38374.4377,0.0
607,2022,12,31,0,2,177.271257,4.9,6.0,6.0,1.0,8.16,10.25,4.0,6.0,0.0,0.0,241.010317,0.0
608,2022,12,31,0,3,63523.1229,6.0,9.1,8.7,2.0,12.14,8.5,4.0,6.0,0.0,0.0,72002.56235,0.0
609,2022,12,31,0,6,934.794426,6.0,9.1,8.7,2.0,12.14,8.5,4.0,6.0,0.0,0.0,1010.796942,0.0
610,2022,12,31,0,0,21321.26016,4.9,6.0,6.0,2.0,5.61,7.03,4.0,6.0,0.0,0.0,182.475448,0.0
611,2023,1,31,1,1,282.25715,4.9,6.0,6.0,2.0,8.08,9.59,4.0,6.0,-0.008557051,319.6631855,282.25715,0.03151829151668744
612,2023,1,31,1,5,336.463112,6.0,9.3,8.7,3.0,10.53,9.61,4.0,6.0,-0.02983093,346.6597901,336.463112,0.10131983967539679
613,2023,1,31,1,2,1.078939,4.9,6.0,6.0,1.0,8.08,9.59,4.0,6.0,0.0,1.090997553,1.078939,0.0
614,2023,1,31,1,3,475.342317,6.0,9.3,8.7,3.0,10.53,9.61,4.0,6.0,-0.031814045,483.5174854,475.342317,0.07747077090236223
615,2023,1,31,1,6,85.490172,6.0,9.3,8.7,3.0,10.53,9.61,4.0,6.0,0.0,84.68750406,85.490172,0.0
616,2023,1,31,1,0,92.09333,4.9,6.0,6.0,2.0,5.06,6.04,4.0,6.0,0.0,9.145337433,92.09333,0.0
617,2023,1,31,0,1,9247.14121,4.9,6.0,6.0,2.0,8.08,9.59,4.0,6.0,-78.80043368,16874.32878,9247.14121,5.4983612678261515
618,2023,1,31,0,4,131.37695,6.0,9.3,8.7,3.0,10.53,9.61,4.0,6.0,-0.942606273,161.8269267,131.37695,6.8582089053698905
619,2023,1,31,0,5,43194.55188,6.0,9.3,8.7,3.0,10.53,9.61,4.0,6.0,-320.6129517,47664.37002,43194.55188,7.919875886016134
620,2023,1,31,0,2,141.184815,4.9,6.0,6.0,1.0,8.08,9.59,4.0,6.0,-0.828221263,193.0751886,141.184815,5.050694251374986
621,2023,1,31,0,3,71301.90774,6.0,9.3,8.7,3.0,10.53,9.61,4.0,6.0,-561.6091461,81068.91749,71301.90774,8.156633873323235
622,2023,1,31,0,6,1207.361871,6.0,9.3,8.7,3.0,10.53,9.61,4.0,6.0,-10.02955801,1456.944788,1207.361871,8.10531450382704
623,2023,1,31,0,0,16641.1069,4.9,6.0,6.0,2.0,5.06,6.04,4.0,6.0,-0.067185105,186.947299,16641.1069,0.4231408712883889
624,2023,2,28,1,1,268.063583,4.9,6.0,6.0,7.0,6.9,8.24,4.0,6.0,-0.008493373,340.9013142,323.778039,0.032477781439423974
625,2023,2,28,1,5,329.467633,6.0,9.1,8.7,3.0,10.87,9.61,4.0,6.0,-0.008020238,339.8318493,341.005129,0.030765077283598966
626,2023,2,28,1,2,1.091611,4.9,6.0,6.0,7.0,6.9,8.24,4.0,6.0,0.0,1.10062839,1.091611,0.0
627,2023,2,28,1,3,386.521707,6.0,9.1,8.7,3.0,10.87,9.61,4.0,6.0,-0.025603203,411.271418,476.192243,0.08115225724417906
628,2023,2,28,1,6,84.372709,6.0,9.1,8.7,3.0,10.87,9.61,4.0,6.0,0.0,85.30900764,84.587982,0.0
629,2023,2,28,1,0,166.579455,4.9,6.0,6.0,7.0,4.91,5.3,4.0,6.0,0.0,9.092578515,9.441694,0.0
630,2023,2,28,0,1,9659.157829,4.9,6.0,6.0,7.0,6.9,8.24,4.0,6.0,-73.8395927,17238.51528,17708.48085,5.583728167862925
631,2023,2,28,0,4,170.631581,6.0,9.1,8.7,3.0,10.87,9.61,4.0,6.0,-1.275843814,205.252137,179.516758,8.102977964365847
632,2023,2,28,0,5,47335.46158,6.0,9.1,8.7,3.0,10.87,9.61,4.0,6.0,-344.4210759,54575.54301,50615.35002,8.226715652811816
633,2023,2,28,0,2,147.039196,4.9,6.0,6.0,7.0,6.9,8.24,4.0,6.0,-0.731959496,183.6753126,187.252349,5.19482706930285
634,2023,2,28,0,3,75617.57573,6.0,9.1,8.7,3.0,10.87,9.61,4.0,6.0,-579.7347071,88250.14741,84753.33955,8.563448589108546
635,2023,2,28,0,6,1560.95268,6.0,9.1,8.7,3.0,10.87,9.61,4.0,6.0,-11.31996775,1763.28626,1609.831579,8.368684578333866
636,2023,2,28,0,0,20727.57894,4.9,6.0,6.0,7.0,4.91,5.3,4.0,6.0,-0.050760183,153.6650056,164.626443,0.43060893408679346
637,2023,3,31,1,1,266.521424,4.9,6.0,6.0,8.0,7.31,7.79,4.0,6.0,-0.010325162,346.4912813,378.797624,0.03508615147553833
638,2023,3,31,1,5,319.967931,6.0,9.1,8.7,4.0,9.71,9.9,4.0,6.0,-0.025656657,333.4722879,343.9806,0.09058817067676964
639,2023,3,31,1,2,0.94762,4.9,6.0,6.0,4.0,7.31,7.79,4.0,6.0,0.0,0.955557967,1.107114,0.0
640,2023,3,31,1,3,349.229789,6.0,9.1,8.7,4.0,9.71,9.9,4.0,6.0,-0.028161509,387.2559008,393.102186,0.08562272566942514
641,2023,3,31,1,6,83.019267,6.0,9.1,8.7,4.0,9.71,9.9,4.0,6.0,0.0,83.20833409,85.828257,0.0
642,2023,3,31,1,0,193.788868,4.9,6.0,6.0,7.0,6.22,6.49,4.0,6.0,0.0,11.20028802,10.659119,0.0
643,2023,3,31,0,1,9074.582588,4.9,6.0,6.0,8.0,7.31,7.79,4.0,6.0,-75.70637564,15947.32232,16161.18375,5.589537238576728
644,2023,3,31,0,4,242.011763,6.0,9.1,8.7,4.0,9.71,9.9,4.0,6.0,-2.119439955,295.245933,254.940242,8.452172733012663
645,2023,3,31,0,5,55679.8722,6.0,9.1,8.7,4.0,9.71,9.9,4.0,6.0,-452.7254195,61975.82185,58585.07254,8.600897179498624
646,2023,3,31,0,2,128.883548,4.9,6.0,6.0,4.0,7.31,7.79,4.0,6.0,-0.866924511,184.7957561,173.695511,5.523577597112815
647,2023,3,31,0,3,83025.15576,6.0,9.1,8.7,4.0,9.71,9.9,4.0,6.0,-710.5497429,94176.36853,91063.5216,8.883492036535939
648,2023,3,31,0,6,1896.71568,6.0,9.1,8.7,4.0,9.71,9.9,4.0,6.0,-14.32158392,1951.218865,1939.461596,8.642039292375761
649,2023,3,31,0,0,18289.37182,4.9,6.0,6.0,7.0,6.22,6.49,4.0,6.0,-0.061638108,188.8272154,158.718129,0.3843402615512949
650,2023,4,30,1,1,263.69569,4.9,6.0,6.0,1.0,5.2,7.17,3.0,3.5,-0.011060982,309.6590681,306.265102,0.04345917651490859
651,2023,4,30,1,5,312.436022,5.8,8.6,8.1,2.0,8.46,9.41,3.0,3.5,-0.025723773,319.3013843,322.619285,0.09801791877167253
652,2023,4,30,1,2,0.93504,4.9,6.0,6.0,3.0,5.2,7.17,3.0,3.5,0.0,0.935693081,0.93504,0.0
653,2023,4,30,1,3,360.720425,5.8,8.6,8.1,2.0,8.46,9.41,3.0,3.5,-0.027655576,374.8220046,380.427225,0.08976958944172582
654,2023,4,30,1,6,81.769068,5.8,8.6,8.1,2.0,8.46,9.41,3.0,3.5,0.0,81.83367539,81.82068,0.0
655,2023,4,30,1,0,85.196333,4.9,6.0,6.0,1.0,2.12,2.46,3.0,3.5,0.0,8.746916652,12.685246,0.0
656,2023,4,30,0,1,8993.37847,4.9,6.0,6.0,1.0,5.2,7.17,3.0,3.5,-70.78464066,15990.58445,16001.72686,5.385751413420039
657,2023,4,30,0,4,315.642153,5.8,8.6,8.1,2.0,8.46,9.41,3.0,3.5,-2.467215668,348.1499057,325.797188,8.622087823628364
658,2023,4,30,0,5,62267.87743,5.8,8.6,8.1,2.0,8.46,9.41,3.0,3.5,-490.1410144,68006.24697,64849.83382,8.768874342525223
659,2023,4,30,0,2,146.683586,4.9,6.0,6.0,3.0,5.2,7.17,3.0,3.5,-0.833383694,183.7496457,196.02193,5.518106754277858
660,2023,4,30,0,3,82130.53941,5.8,8.6,8.1,2.0,8.46,9.41,3.0,3.5,-750.7836305,100605.587,97425.04944,9.079549599052914
661,2023,4,30,0,6,1917.328487,5.8,8.6,8.1,2.0,8.46,9.41,3.0,3.5,-13.69642964,1934.79583,1938.674092,8.612789596168053
662,2023,4,30,0,0,25092.04813,4.9,6.0,6.0,1.0,2.12,2.46,3.0,3.5,-0.059456535,169.5890517,126.394337,0.42655338611106813
663,2023,5,31,1,1,246.038142,4.8,5.5,5.2,9.0,6.28,6.04,3.0,3.5,-0.011083676,407.9570575,313.022835,0.03198899101080336
664,2023,5,31,1,5,300.480168,5.8,7.9,7.7,3.0,7.95,8.54,3.0,3.5,-0.025914466,314.094125,313.902832,0.09714347200448169
665,2023,5,31,1,2,0.935693,4.8,5.5,5.2,12.0,6.28,6.04,3.0,3.5,0.0,0.935482417,0.935693,0.0
666,2023,5,31,1,3,343.291753,5.8,7.9,7.7,3.0,7.95,8.54,3.0,3.5,-0.028847399,353.6548711,367.890741,0.09604133491420426
667,2023,5,31,1,6,79.434966,5.8,7.9,7.7,3.0,7.95,8.54,3.0,3.5,0.0,79.69673866,81.788302,0.0
668,2023,5,31,1,0,115.294535,4.8,5.5,5.2,9.0,4.84,4.87,3.0,3.5,0.0,9.356626771,7.934855,0.0
669,2023,5,31,0,1,9275.332205,4.8,5.5,5.2,9.0,6.28,6.04,3.0,3.5,-69.4556411,16152.36438,16171.60318,5.062937797213745
670,2023,5,31,0,4,357.964024,5.8,7.9,7.7,3.0,7.95,8.54,3.0,3.5,-2.764952653,372.4630767,369.207312,8.740487238892097
671,2023,5,31,0,5,68566.98279,5.8,7.9,7.7,3.0,7.95,8.54,3.0,3.5,-545.8184762,72576.06742,71092.64839,8.854947105185152
672,2023,5,31,0,2,138.467434,4.8,5.5,5.2,12.0,6.28,6.04,3.0,3.5,-0.795799885,172.6090301,172.665172,5.428396107866313
673,2023,5,31,0,3,85132.23733,5.8,7.9,7.7,3.0,7.95,8.54,3.0,3.5,-800.7915624,104364.027,101688.7844,9.034410724312988
674,2023,5,31,0,6,1915.102732,5.8,7.9,7.7,3.0,7.95,8.54,3.0,3.5,-14.20098762,1926.510655,1927.905824,8.679172180136684
675,2023,5,31,0,0,26320.41888,4.8,5.5,5.2,9.0,4.84,4.87,3.0,3.5,-0.080610339,224.6526375,283.691146,0.42248412658279905
676,2023,6,30,1,1,237.330628,4.0,5.0,4.7,10.0,4.71,4.97,3.0,5.0,-0.009135887,418.1893164,434.962374,0.026579658416480134
677,2023,6,30,1,5,295.85789,5.5,7.5,7.5,2.0,6.56,6.51,3.0,5.0,-0.022762902,308.2387538,308.140569,0.08984874146607065
678,2023,6,30,1,2,0.935563,4.0,5.0,4.7,13.0,4.71,4.97,3.0,5.0,0.0,1.097045324,0.935563,0.0
679,2023,6,30,1,3,323.863079,5.5,7.5,7.5,2.0,6.56,6.51,3.0,5.0,-0.026345928,351.4521512,350.993958,0.09120505391858874
680,2023,6,30,1,6,73.64261,5.5,7.5,7.5,2.0,6.56,6.51,3.0,5.0,0.0,75.30250811,79.51511,0.0
681,2023,6,30,1,0,252.719173,4.0,5.0,4.7,10.0,2.69,3.17,3.0,5.0,0.0,18.85473189,9.801368,0.0
682,2023,6,30,0,1,9176.661729,4.0,5.0,4.7,10.0,4.71,4.97,3.0,5.0,-62.28550017,16006.35229,15992.20247,4.734413594085652
683,2023,6,30,0,4,364.577042,5.5,7.5,7.5,2.0,6.56,6.51,3.0,5.0,-2.835087978,397.3237456,383.413667,8.681477203662
684,2023,6,30,0,5,70693.96936,5.5,7.5,7.5,2.0,6.56,6.51,3.0,5.0,-536.204433,73214.82091,73281.01964,8.91051910038743
685,2023,6,30,0,2,140.269303,4.0,5.0,4.7,13.0,4.71,4.97,3.0,5.0,-0.724132222,170.2995624,171.14151,5.173398711955039
686,2023,6,30,0,3,94080.24223,5.5,7.5,7.5,2.0,6.56,6.51,3.0,5.0,-822.1329225,113839.9534,108258.9397,8.786561242346748
687,2023,6,30,0,6,1904.86726,5.5,7.5,7.5,2.0,6.56,6.51,3.0,5.0,-13.83508758,1924.454731,1925.414373,8.746732057580417
688,2023,6,30,0,0,23824.15506,4.0,5.0,4.7,10.0,2.69,3.17,3.0,5.0,-0.080726027,223.4508508,172.6106,0.43954482979902504
689,2023,7,31,1,1,243.872351,3.4,4.75,4.45,10.0,3.04,4.74,3.0,4.5,-0.009952498,303.6459002,308.133736,0.038591872198752465
690,2023,7,31,1,5,282.011229,5.0,7.4,6.9,3.0,6.73,8.1,3.0,4.5,-0.022637333,298.0191902,307.663329,0.08943596551028084
691,2023,7,31,1,2,1.077169,3.4,4.75,4.45,10.0,3.04,4.74,3.0,4.5,0.0,1.083743201,1.100765,0.0
692,2023,7,31,1,3,319.692507,5.0,7.4,6.9,3.0,6.73,8.1,3.0,4.5,-0.028653887,347.9026916,351.679675,0.09697436081911959
693,2023,7,31,1,6,73.953434,5.0,7.4,6.9,3.0,6.73,8.1,3.0,4.5,0.0,74.22216433,73.97703,0.0
694,2023,7,31,1,0,136.514578,3.4,4.75,4.45,10.0,0.66,1.46,3.0,4.5,0.0,13.92183007,14.566732,0.0
695,2023,7,31,0,1,9403.206498,3.4,4.75,4.45,10.0,3.04,4.74,3.0,4.5,-61.53353298,16623.9385,16344.18949,4.35821948584916
696,2023,7,31,0,4,405.782125,5.0,7.4,6.9,3.0,6.73,8.1,3.0,4.5,-3.157740806,442.0387259,412.688716,8.410994161152944
697,2023,7,31,0,5,70171.32752,5.0,7.4,6.9,3.0,6.73,8.1,3.0,4.5,-559.366517,73540.41385,73056.96784,8.955741871508604
698,2023,7,31,0,2,133.292958,3.4,4.75,4.45,10.0,3.04,4.74,3.0,4.5,-0.73009445,176.4998502,172.939753,4.87041397098207
699,2023,7,31,0,3,105426.8458,5.0,7.4,6.9,3.0,6.73,8.1,3.0,4.5,-889.5464077,123137.9449,119104.6959,8.505657279758822
700,2023,7,31,0,6,1853.142702,5.0,7.4,6.9,3.0,6.73,8.1,3.0,4.5,-13.72693587,1872.715939,1914.28431,8.630438626265006
701,2023,7,31,0,0,23862.63014,3.4,4.75,4.45,10.0,0.66,1.46,3.0,4.5,-0.076267216,221.4962219,250.461739,0.4054177334844397
702,2023,8,31,1,1,244.565128,3.3,4.75,4.2,11.0,1.89,3.93,3.0,4.5,-0.008780543,302.8036034,298.939488,0.03414220028464016
703,2023,8,31,1,5,249.264075,5.0,6.8,6.1,6.0,6.25,7.56,3.0,4.5,-0.013602007,264.5839394,303.699531,0.060530001718054435
704,2023,8,31,1,2,1.082655,3.3,4.75,4.2,11.0,1.89,3.93,3.0,4.5,0.0,1.089916569,1.082655,0.0
705,2023,8,31,1,3,284.028399,5.0,6.8,6.1,6.0,6.25,7.56,3.0,4.5,-0.027307882,303.5308332,323.841224,0.10592936627715094
706,2023,8,31,1,6,70.745309,5.0,6.8,6.1,6.0,6.25,7.56,3.0,4.5,0.0,72.16941222,74.292656,0.0
707,2023,8,31,1,0,164.431667,3.3,4.75,4.2,11.0,0.2,0.53,3.0,4.5,0.0,12.42914847,12.26168,0.0
708,2023,8,31,0,1,9278.768815,3.3,4.75,4.2,11.0,1.89,3.93,3.0,4.5,-62.97180488,17875.93531,16952.92802,4.1477114673469195
709,2023,8,31,0,4,448.53747,5.0,6.8,6.1,6.0,6.25,7.56,3.0,4.5,-3.439527547,476.1921142,456.28668,8.504479987330939
710,2023,8,31,0,5,71480.92509,5.0,6.8,6.1,6.0,6.25,7.56,3.0,4.5,-564.6472921,74142.65647,73839.42368,8.966857704172119
711,2023,8,31,0,2,118.468152,3.3,4.75,4.2,11.0,1.89,3.93,3.0,4.5,-0.721234617,197.8900726,182.465667,4.291249107538524
712,2023,8,31,0,3,109808.7629,5.0,6.8,6.1,6.0,6.25,7.56,3.0,4.5,-875.1244745,126141.0339,125409.8143,8.168543275031416
713,2023,8,31,0,6,1838.856518,5.0,6.8,6.1,6.0,6.25,7.56,3.0,4.5,-13.80954441,1855.518397,1859.131769,8.762847566549194
714,2023,8,31,0,0,25946.75569,3.3,4.75,4.2,11.0,0.2,0.53,3.0,4.5,-0.071516867,206.9966517,221.024484,0.40679567863379984
715,2023,9,30,1,1,233.893018,3.0,4.75,4.2,9.0,2.01,3.62,3.0,4.5,-0.008399019,293.1098287,295.779896,0.03486340425813227
716,2023,9,30,1,5,243.396456,4.7,6.55,5.8,6.0,5.66,7.2,3.0,4.5,-0.012824026,253.4556931,255.014961,0.061559339132740386
717,2023,9,30,1,2,1.100283,3.0,4.75,4.2,9.0,2.01,3.62,3.0,4.5,0.0,1.105630308,1.100283,0.0
718,2023,9,30,1,3,291.182053,4.7,6.55,5.8,6.0,5.66,7.2,3.0,4.5,-0.024484838,299.3706374,301.053609,0.0995083769472354
719,2023,9,30,1,6,71.629209,4.7,6.55,5.8,6.0,5.66,7.2,3.0,4.5,0.0,68.86323531,71.702899,0.0
720,2023,9,30,1,0,94.826915,3.0,4.75,4.2,9.0,0.19,0.55,3.0,4.5,0.0,18.70135967,11.376287,0.0
721,2023,9,30,0,1,11158.54514,3.0,4.75,4.2,9.0,2.01,3.62,3.0,4.5,-73.5934311,21306.22927,19151.2598,4.202464611186454
722,2023,9,30,0,4,475.139265,4.7,6.55,5.8,6.0,5.66,7.2,3.0,4.5,-3.400704429,490.8522853,492.530403,8.429264456660766
723,2023,9,30,0,5,73058.023,4.7,6.55,5.8,6.0,5.66,7.2,3.0,4.5,-546.3259681,74552.67584,74562.80464,8.91579795134643
724,2023,9,30,0,2,183.837079,3.0,4.75,4.2,9.0,2.01,3.62,3.0,4.5,-1.00037015,279.2402079,217.817666,4.358673935199191
725,2023,9,30,0,3,114671.4539,4.7,6.55,5.8,6.0,5.66,7.2,3.0,4.5,-817.3409012,127534.7541,128017.8009,7.797336787222717
726,2023,9,30,0,6,1834.306106,4.7,6.55,5.8,6.0,5.66,7.2,3.0,4.5,-13.2632887,1850.061915,1887.932085,8.722411461384343
727,2023,9,30,0,0,23241.61055,3.0,4.75,4.2,9.0,0.19,0.55,3.0,4.5,-0.083800221,253.4267201,292.769546,0.40231328215812706
728,2023,10,31,1,1,248.315734,3.0,4.75,4.2,4.0,1.3,3.59,3.0,4.5,-0.008543967,279.2078053,298.681256,0.03602991005962118
729,2023,10,31,1,5,233.311948,4.3,6.0,5.3,7.0,4.87,7.32,3.0,4.5,-0.013528321,243.6780604,250.191684,0.06536701317190462
730,2023,10,31,1,2,1.108284,3.0,4.75,4.2,4.0,1.3,3.59,3.0,4.5,0.0,1.11627475,1.108284,0.0
731,2023,10,31,1,3,268.742967,4.3,6.0,5.3,7.0,4.87,7.32,3.0,4.5,-0.024153718,282.5700239,296.626167,0.1006442745483171
732,2023,10,31,1,6,66.596383,4.3,6.0,5.3,7.0,4.87,7.32,3.0,4.5,0.0,67.51285457,67.44697,0.0
733,2023,10,31,1,0,108.186484,3.0,4.75,4.2,4.0,0.55,0.81,3.0,4.5,0.0,14.37284105,12.207439,0.0
734,2023,10,31,0,1,13086.56879,3.0,4.75,4.2,4.0,1.3,3.59,3.0,4.5,-97.33339879,27664.82359,23390.10454,4.14252515418193
735,2023,10,31,0,4,467.6318,4.3,6.0,5.3,7.0,4.87,7.32,3.0,4.5,-3.405655877,488.4234237,485.219627,8.209854300441897
736,2023,10,31,0,5,70111.83018,4.3,6.0,5.3,7.0,4.87,7.32,3.0,4.5,-553.382098,72961.20047,74461.3279,8.930264148742447
737,2023,10,31,0,2,289.925985,3.0,4.75,4.2,4.0,1.3,3.59,3.0,4.5,-1.326570244,372.6528385,334.690547,4.191379534705221
738,2023,10,31,0,3,109905.1916,4.3,6.0,5.3,7.0,4.87,7.32,3.0,4.5,-789.2108232,126484.8415,128263.3784,7.346588628834792
739,2023,10,31,0,6,1809.44085,4.3,6.0,5.3,7.0,4.87,7.32,3.0,4.5,-13.63688173,1843.551893,1853.293587,8.709452958451866
740,2023,10,31,0,0,33395.55193,3.0,4.75,4.2,4.0,0.55,0.81,3.0,4.5,-0.097871047,274.7640047,278.126477,0.4193972392488172
741,2023,11,30,1,1,252.909959,3.0,4.45,3.7,6.0,1.65,3.68,3.0,4.5,-0.007654722,275.2155774,280.654055,0.03383981818174512
742,2023,11,30,1,5,223.609125,4.3,5.5,4.8,11.0,5.72,6.48,3.0,4.5,-0.010889164,230.4311979,240.758399,0.05749431061160432
743,2023,11,30,1,2,1.120634,3.0,4.45,3.7,6.0,1.65,3.68,3.0,4.5,0.0,1.110278884,1.120634,0.0
744,2023,11,30,1,3,269.791585,4.3,5.5,4.8,12.0,5.72,6.48,3.0,4.5,-0.022302266,277.2465188,281.498226,0.09787110673482452
745,2023,11,30,1,6,64.855655,4.3,5.5,4.8,11.0,5.72,6.48,3.0,4.5,0.0,65.35319087,68.068408,0.0
746,2023,11,30,1,0,77.414089,3.0,4.45,3.7,6.0,0.93,1.46,3.0,4.5,0.0,13.44693097,17.601325,0.0
747,2023,11,30,0,1,17082.46499,3.0,4.45,3.7,6.0,1.65,3.68,3.0,4.5,-113.2172576,34427.237,31733.73329,4.001124557667329
748,2023,11,30,0,4,448.762817,4.3,5.5,4.8,11.0,5.72,6.48,3.0,4.5,-3.264871661,489.130215,499.539889,8.1210696028732
749,2023,11,30,0,5,65923.52786,4.3,5.5,4.8,11.0,5.72,6.48,3.0,4.5,-503.4851909,69047.40539,70980.62199,8.871783747243473
750,2023,11,30,0,2,372.929087,3.0,4.45,3.7,6.0,1.65,3.68,3.0,4.5,-1.537518458,445.6671859,413.088154,4.197409000296186
751,2023,11,30,0,3,108985.3242,4.3,5.5,4.8,12.0,5.72,6.48,3.0,4.5,-713.3831788,126348.5694,124807.436,6.869484461346554
752,2023,11,30,0,6,1838.855025,4.3,5.5,4.8,11.0,5.72,6.48,3.0,4.5,-13.34921162,1872.739707,1860.905071,8.67260983660733
753,2023,11,30,0,0,35890.09192,3.0,4.45,3.7,6.0,0.93,1.46,3.0,4.5,-0.100143949,296.9181444,246.631432,0.41035486350246314
754,2023,12,31,1,1,239.807927,2.6,4.35,3.6,5.0,1.33,4.54,3.0,4.5,-0.007738664,277.7580432,296.314768,0.03280428055015023
755,2023,12,31,1,5,220.054959,3.9,5.5,4.8,11.0,5.08,6.68,3.0,4.5,-0.015755938,227.0226476,225.888496,0.08171584003163
756,2023,12,31,1,2,1.108646,2.6,4.35,3.6,5.0,1.33,4.54,3.0,4.5,0.0,1.108519035,1.108646,0.0
757,2023,12,31,1,3,167.580676,3.9,5.5,4.8,7.0,5.08,6.68,3.0,4.5,-0.024472445,183.0732263,273.695634,0.15739237782376814
758,2023,12,31,1,6,56.097673,3.9,5.5,4.8,11.0,5.08,6.68,3.0,4.5,0.0,61.71294433,64.106938,0.0
759,2023,12,31,1,0,189.962519,2.6,4.35,3.6,5.0,0.17,0.44,3.0,4.5,0.0,14.66438211,13.497919,0.0
760,2023,12,31,0,1,20338.87869,2.6,4.35,3.6,5.0,1.33,4.54,3.0,4.5,-126.7022498,38811.41663,36760.02522,3.8437576921842185
761,2023,12,31,0,4,378.502354,3.9,5.5,4.8,11.0,5.08,6.68,3.0,4.5,-2.865182308,436.7196997,455.91316,7.724682689830685
762,2023,12,31,0,5,63522.27282,3.9,5.5,4.8,11.0,5.08,6.68,3.0,4.5,-489.6521664,66091.20777,67182.52186,8.723186597896614
763,2023,12,31,0,2,387.146713,2.6,4.35,3.6,5.0,1.33,4.54,3.0,4.5,-1.638593718,478.7063598,469.056092,4.030261806206993
764,2023,12,31,0,3,114831.296,3.9,5.5,4.8,7.0,5.08,6.68,3.0,4.5,-718.561196,131654.763,127401.3096,6.426260930692279
765,2023,12,31,0,6,1898.01327,3.9,5.5,4.8,11.0,5.08,6.68,3.0,4.5,-14.02727007,1908.714485,1925.689075,8.652933377810951
766,2023,12,31,0,0,33181.21133,2.6,4.35,3.6,5.0,0.17,0.44,3.0,4.5,-0.132337756,361.0854743,339.516148,0.43152396421481465
